report_id,category,building,room,description,incident_id,incident_status,confidence,created_at
14,Vệ sinh / Môi trường,Tòa nhà A1,12,"A1 phòng 12 có mùi lạ, đề nghị kiểm tra hệ thống thông gió.",4,EMERGING,2026-10-02 21:21:11,"Report #14. Vấn đề: Vệ sinh / Môi trường. Vị trí: Tòa nhà A1, phòng 12. Nội dung: A1 phòng 12 có mùi lạ, đề nghị kiểm tra hệ thống thông gió.. Incident #4, trạng thái EMERGING."
13,Vệ sinh / Môi trường,Tòa nhà A1,12,Phòng 12 A1 có mùi khó chịu từ khu vực điều hòa.,4,EMERGING,2026-10-02 21:18:11,"Report #13. Vấn đề: Vệ sinh / Môi trường. Vị trí: Tòa nhà A1, phòng 12. Nội dung: Phòng 12 A1 có mùi khó chịu từ khu vực điều hòa.. Incident #4, trạng thái EMERGING."
12,Mạng / Đường truyền,Tòa nhà H1,24,"Internet ở phòng 24 H1 vẫn đang mất, nhiều bạn cùng gặp.",3,RESOLVED,2026-10-02 21:13:11,"Report #12. Vấn đề: Mạng / Đường truyền. Vị trí: Tòa nhà H1, phòng 24. Nội dung: Internet ở phòng 24 H1 vẫn đang mất, nhiều bạn cùng gặp.. Incident #3, trạng thái RESOLVED."
11,Mạng / Đường truyền,Tòa nhà H1,24,Wi-Fi H1 phòng 24 kết nối được nhưng không có mạng.,3,RESOLVED,2026-10-02 21:10:11,"Report #11. Vấn đề: Mạng / Đường truyền. Vị trí: Tòa nhà H1, phòng 24. Nội dung: Wi-Fi H1 phòng 24 kết nối được nhưng không có mạng.. Incident #3, trạng thái RESOLVED."
10,Mạng / Đường truyền,Tòa nhà H1,24,Phòng 24 H1 không truy cập được Internet bằng Wi-Fi.,3,RESOLVED,2026-10-02 21:07:11,"Report #10. Vấn đề: Mạng / Đường truyền. Vị trí: Tòa nhà H1, phòng 24. Nội dung: Phòng 24 H1 không truy cập được Internet bằng Wi-Fi.. Incident #3, trạng thái RESOLVED."
9,Mạng / Đường truyền,Tòa nhà H1,24,Wi-Fi phòng 24 H1 mất kết nối hoàn toàn.,3,RESOLVED,2026-10-02 21:04:11,"Report #9. Vấn đề: Mạng / Đường truyền. Vị trí: Tòa nhà H1, phòng 24. Nội dung: Wi-Fi phòng 24 H1 mất kết nối hoàn toàn.. Incident #3, trạng thái RESOLVED."
8,Điện / Chiếu sáng,Tòa nhà H3,18,"Đèn phòng 18 H3 tiếp tục nhấp nháy, chưa ổn định.",2,IN_PROGRESS,2026-10-02 20:00:11,"Report #8. Vấn đề: Điện / Chiếu sáng. Vị trí: Tòa nhà H3, phòng 18. Nội dung: Đèn phòng 18 H3 tiếp tục nhấp nháy, chưa ổn định.. Incident #2, trạng thái IN_PROGRESS."
7,Điện / Chiếu sáng,Tòa nhà H3,18,"Ánh sáng phòng 18 H3 lúc có lúc không, khá khó học.",2,IN_PROGRESS,2026-10-02 19:57:11,"Report #7. Vấn đề: Điện / Chiếu sáng. Vị trí: Tòa nhà H3, phòng 18. Nội dung: Ánh sáng phòng 18 H3 lúc có lúc không, khá khó học.. Incident #2, trạng thái IN_PROGRESS."
6,Điện / Chiếu sáng,Tòa nhà H3,18,Phòng 18 H3 có nhiều bóng đèn chớp tắt bất thường.,2,IN_PROGRESS,2026-10-02 19:54:11,"Report #6. Vấn đề: Điện / Chiếu sáng. Vị trí: Tòa nhà H3, phòng 18. Nội dung: Phòng 18 H3 có nhiều bóng đèn chớp tắt bất thường.. Incident #2, trạng thái IN_PROGRESS."
5,Điện / Chiếu sáng,Tòa nhà H3,18,Đèn trần phòng 18 H3 nhấp nháy liên tục.,2,IN_PROGRESS,2026-10-02 19:51:11,"Report #5. Vấn đề: Điện / Chiếu sáng. Vị trí: Tòa nhà H3, phòng 18. Nội dung: Đèn trần phòng 18 H3 nhấp nháy liên tục.. Incident #2, trạng thái IN_PROGRESS."
4,Cơ sở vật chất,Tòa nhà H2,35,Máy chiếu ở H2 phòng 35 vẫn không nhận nguồn hình.,1,RESOLVED,2026-10-02 18:25:11,"Report #4. Vấn đề: Cơ sở vật chất. Vị trí: Tòa nhà H2, phòng 35. Nội dung: Máy chiếu ở H2 phòng 35 vẫn không nhận nguồn hình.. Incident #1, trạng thái RESOLVED."
3,Cơ sở vật chất,Tòa nhà H2,35,Phòng 35 H2 không trình chiếu được qua cổng HDMI.,1,RESOLVED,2026-10-02 18:22:11,"Report #3. Vấn đề: Cơ sở vật chất. Vị trí: Tòa nhà H2, phòng 35. Nội dung: Phòng 35 H2 không trình chiếu được qua cổng HDMI.. Incident #1, trạng thái RESOLVED."
2,Cơ sở vật chất,Tòa nhà H2,35,Máy chiếu H2 phòng 35 bật được nhưng màn hình báo no signal.,1,RESOLVED,2026-10-02 18:19:11,"Report #2. Vấn đề: Cơ sở vật chất. Vị trí: Tòa nhà H2, phòng 35. Nội dung: Máy chiếu H2 phòng 35 bật được nhưng màn hình báo no signal.. Incident #1, trạng thái RESOLVED."
1,Cơ sở vật chất,Tòa nhà H2,35,Máy chiếu phòng 35 không nhận tín hiệu HDMI từ laptop.,1,RESOLVED,2026-10-02 18:16:11,"Report #1. Vấn đề: Cơ sở vật chất. Vị trí: Tòa nhà H2, phòng 35. Nội dung: Máy chiếu phòng 35 không nhận tín hiệu HDMI từ laptop.. Incident #1, trạng thái RESOLVED."
41,Dịch vụ sinh viên,Tòa nhà H2,11,học phí cao,27,IN_PROGRESS,2026-10-02 14:56:02,"Report #41. Vấn đề: Dịch vụ sinh viên. Vị trí: Tòa nhà H2, phòng 11. Nội dung: học phí cao. Incident #27, trạng thái IN_PROGRESS."
40,Dịch vụ sinh viên,Tòa nhà H2,11,học phí cao,27,IN_PROGRESS,2026-10-02 14:55:39,"Report #40. Vấn đề: Dịch vụ sinh viên. Vị trí: Tòa nhà H2, phòng 11. Nội dung: học phí cao. Incident #27, trạng thái IN_PROGRESS."
39,Dịch vụ sinh viên,Tòa nhà H2,11,học phí cao,27,IN_PROGRESS,2026-10-02 14:55:28,"Report #39. Vấn đề: Dịch vụ sinh viên. Vị trí: Tòa nhà H2, phòng 11. Nội dung: học phí cao. Incident #27, trạng thái IN_PROGRESS."
38,Dịch vụ sinh viên,Tòa nhà H2,11,học phí cao,27,IN_PROGRESS,2026-10-02 14:55:18,"Report #38. Vấn đề: Dịch vụ sinh viên. Vị trí: Tòa nhà H2, phòng 11. Nội dung: học phí cao. Incident #27, trạng thái IN_PROGRESS."
37,Dịch vụ sinh viên,Tòa nhà H2,11,học phí cao,27,IN_PROGRESS,2026-10-02 14:55:07,"Report #37. Vấn đề: Dịch vụ sinh viên. Vị trí: Tòa nhà H2, phòng 11. Nội dung: học phí cao. Incident #27, trạng thái IN_PROGRESS."
23,Vệ sinh / Môi trường,Tòa nhà H1,10,nhiều rác bẩn,10,CONFIRMED,2026-10-02 14:38:47,"Report #23. Vấn đề: Vệ sinh / Môi trường. Vị trí: Tòa nhà H1, phòng 10. Nội dung: nhiều rác bẩn. Incident #10, trạng thái CONFIRMED."
22,Vệ sinh / Môi trường,Tòa nhà H1,10,nhiều rác bẩn,10,CONFIRMED,2026-10-02 14:38:39,"Report #22. Vấn đề: Vệ sinh / Môi trường. Vị trí: Tòa nhà H1, phòng 10. Nội dung: nhiều rác bẩn. Incident #10, trạng thái CONFIRMED."
21,Vệ sinh / Môi trường,Tòa nhà H1,10,nhiều rác bẩn,10,CONFIRMED,2026-10-02 14:38:29,"Report #21. Vấn đề: Vệ sinh / Môi trường. Vị trí: Tòa nhà H1, phòng 10. Nội dung: nhiều rác bẩn. Incident #10, trạng thái CONFIRMED."
20,Vệ sinh / Môi trường,Tòa nhà H1,10,nhiều rác bẩn,10,CONFIRMED,2026-10-02 14:38:14,"Report #20. Vấn đề: Vệ sinh / Môi trường. Vị trí: Tòa nhà H1, phòng 10. Nội dung: nhiều rác bẩn. Incident #10, trạng thái CONFIRMED."
19,An ninh / An toàn,Tòa nhà H1,10,trộm cướp hoành hành,5,RESOLVED,2026-10-02 14:33:35,"Report #19. Vấn đề: An ninh / An toàn. Vị trí: Tòa nhà H1, phòng 10. Nội dung: trộm cướp hoành hành. Incident #5, trạng thái RESOLVED."
18,An ninh / An toàn,Tòa nhà H1,10,ổ điện hở dẫn đến chập cháy,5,RESOLVED,2026-10-02 14:32:58,"Report #18. Vấn đề: An ninh / An toàn. Vị trí: Tòa nhà H1, phòng 10. Nội dung: ổ điện hở dẫn đến chập cháy. Incident #5, trạng thái RESOLVED."
17,An ninh / An toàn,Tòa nhà H1,10,phòng không có cửa ra vào,5,RESOLVED,2026-10-02 14:32:03,"Report #17. Vấn đề: An ninh / An toàn. Vị trí: Tòa nhà H1, phòng 10. Nội dung: phòng không có cửa ra vào. Incident #5, trạng thái RESOLVED."
16,An ninh / An toàn,Tòa nhà H1,10,lan can thấp,5,RESOLVED,2026-10-02 14:30:45,"Report #16. Vấn đề: An ninh / An toàn. Vị trí: Tòa nhà H1, phòng 10. Nội dung: lan can thấp. Incident #5, trạng thái RESOLVED."
15,An ninh / An toàn,Tòa nhà H1,10,thường xuyên xảy ra mất đồ vặt,5,RESOLVED,2026-10-02 14:30:11,"Report #15. Vấn đề: An ninh / An toàn. Vị trí: Tòa nhà H1, phòng 10. Nội dung: thường xuyên xảy ra mất đồ vặt. Incident #5, trạng thái RESOLVED."
